Timestamp,Battery_V,Battery_C,Battery_T,Coolant_T,RPM,Motor_Current,Wheel_FL_Speed,Brake_Pressure,Fault_Label
2025-07-16 14:51:39,12.01,52.58,49.56,90.61,2410.46,47.78,62.63,2.67,Overheat_Battery
2025-07-16 14:51:39,12.67,47.12,42.92,98.6,2449.43,44.01,54.41,3.07,Wheel_Speed_Mismatch
2025-07-16 14:51:39,11.55,15.52,34.95,99.69,2950.71,32.14,58.76,3.57,Battery_LowVoltage
2025-07-16 14:51:39,12.19,44.01,45.71,103.36,1837.69,66.8,60.76,2.1,Overheat_Battery
2025-07-16 14:51:39,12.57,19.27,38.3,94.74,2588.85,59.0,62.72,1.7,Normal
2025-07-16 14:51:39,11.54,17.85,48.03,98.51,2657.14,47.25,63.72,3.82,Overheat_Battery
2025-07-16 14:51:39,12.85,13.22,35.33,106.39,2315.28,38.52,60.81,2.18,Coolant_Issue
2025-07-16 14:51:39,12.86,26.47,47.26,93.2,2571.03,26.01,54.96,2.05,Overheat_Battery
2025-07-16 14:51:39,11.71,49.43,34.71,109.02,1525.03,63.57,62.18,3.79,Coolant_Issue
2025-07-16 14:51:39,12.78,29.33,44.48,98.54,2785.2,60.15,63.33,3.8,Overheat_Battery
2025-07-16 14:51:39,11.9,10.14,37.73,102.83,1908.94,39.09,62.74,2.25,Coolant_Issue
2025-07-16 14:51:39,12.57,32.63,35.0,85.67,1843.66,28.18,64.76,0.65,Wheel_Speed_Mismatch
2025-07-16 14:51:39,12.48,41.58,39.89,105.29,2803.39,42.08,54.77,2.03,Coolant_Issue
2025-07-16 14:51:39,12.33,33.93,36.22,101.67,1763.0,53.4,50.58,3.25,Coolant_Issue
2025-07-16 14:51:39,11.52,40.0,42.85,105.74,2897.48,50.07,58.37,0.67,Coolant_Issue
2025-07-16 14:51:39,12.09,36.4,42.53,109.41,2540.21,22.97,53.54,0.67,Coolant_Issue
2025-07-16 14:51:39,12.55,37.67,45.66,107.26,1888.47,55.07,60.31,3.99,Overheat_Battery
2025-07-16 14:51:39,11.85,16.51,37.54,96.32,2325.74,39.54,52.06,3.1,Wheel_Speed_Mismatch
2025-07-16 14:51:39,12.65,51.01,45.18,89.92,2558.63,55.09,52.14,3.96,Overheat_Battery
2025-07-16 14:51:39,12.58,10.26,49.81,109.07,2835.79,68.43,53.07,1.15,Overheat_Battery
2025-07-16 14:51:39,12.04,35.62,38.07,89.36,2074.28,43.31,60.6,3.21,Wheel_Speed_Mismatch
2025-07-16 14:51:39,11.56,46.64,41.07,94.24,2825.18,49.8,57.79,2.13,Battery_LowVoltage
2025-07-16 14:51:39,11.65,10.98,49.57,99.42,2686.4,62.39,56.99,1.2,Overheat_Battery
2025-07-16 14:51:39,12.61,53.22,48.69,107.91,2427.94,21.14,60.82,0.99,Overheat_Battery
2025-07-16 14:51:39,11.66,34.5,45.39,105.5,2105.16,62.21,56.42,1.97,Overheat_Battery
2025-07-16 14:51:39,12.72,17.39,41.01,108.9,2339.88,31.55,53.52,3.99,Coolant_Issue
2025-07-16 14:51:39,12.12,39.12,49.11,109.76,2194.02,37.87,59.48,2.17,Overheat_Battery
2025-07-16 14:51:39,12.75,12.8,30.92,109.26,2115.72,30.05,56.01,0.97,Coolant_Issue
2025-07-16 14:51:39,12.44,47.61,33.79,109.46,1589.73,64.14,55.57,2.6,Coolant_Issue
2025-07-16 14:51:39,11.61,44.35,30.25,104.59,2116.09,37.63,57.08,0.39,Coolant_Issue
2025-07-16 14:51:39,12.29,29.75,38.89,100.26,1500.84,20.03,57.89,0.79,Coolant_Issue
2025-07-16 14:51:39,12.58,34.93,42.14,94.55,1745.62,64.05,55.69,2.88,Wheel_Speed_Mismatch
2025-07-16 14:51:39,12.73,56.22,43.36,87.31,2683.82,65.72,51.14,3.43,Motor_Overload
2025-07-16 14:51:39,12.76,58.65,38.85,94.11,2869.35,49.31,62.44,3.71,Wheel_Speed_Mismatch
2025-07-16 14:51:39,12.18,21.92,31.18,85.74,2943.65,31.28,56.47,2.26,Wheel_Speed_Mismatch
2025-07-16 14:51:39,12.24,53.48,47.67,94.24,2200.63,44.77,60.9,1.98,Overheat_Battery
2025-07-16 14:51:39,12.93,30.93,31.05,104.27,2836.12,52.07,50.18,0.58,Coolant_Issue
2025-07-16 14:51:39,11.7,53.7,31.14,109.45,1663.71,64.66,62.95,3.38,Coolant_Issue
2025-07-16 14:51:39,11.9,13.89,38.19,101.09,2621.94,45.05,59.37,1.03,Coolant_Issue
2025-07-16 14:51:39,12.22,15.26,43.75,105.45,2199.54,50.03,57.74,3.82,Coolant_Issue
2025-07-16 14:51:39,12.3,53.01,48.18,105.03,1880.57,62.62,52.91,3.41,Overheat_Battery
2025-07-16 14:51:39,12.36,41.18,33.26,97.82,1581.67,20.13,62.36,1.25,Wheel_Speed_Mismatch
2025-07-16 14:51:39,11.89,13.35,40.05,96.31,2214.29,29.3,64.18,0.41,Wheel_Speed_Mismatch
2025-07-16 14:51:39,12.13,40.35,42.09,86.74,1766.0,21.66,55.37,0.17,Wheel_Speed_Mismatch
2025-07-16 14:51:39,11.56,16.22,32.17,96.87,2864.42,49.83,63.37,1.04,Battery_LowVoltage
2025-07-16 14:51:39,12.9,42.21,32.15,109.27,2627.48,24.94,50.87,0.91,Coolant_Issue
2025-07-16 14:51:39,11.94,17.65,40.28,87.85,2123.59,54.06,56.0,2.77,Normal
2025-07-16 14:51:39,12.66,58.72,37.4,94.78,2375.98,46.21,53.31,1.51,Wheel_Speed_Mismatch
2025-07-16 14:51:39,12.41,39.31,35.56,101.72,2771.62,21.5,50.75,2.07,Coolant_Issue
2025-07-16 14:51:39,12.68,49.4,38.35,104.04,2961.74,36.04,55.04,0.41,Coolant_Issue
2025-07-16 20:31:01,12.51,38.68,49.95,107.07,2284.09,29.27,55.85,3.55,Overheat_Battery
2025-07-16 20:31:01,12.2,49.76,42.57,88.05,2944.54,28.86,56.5,1.35,Wheel_Speed_Mismatch
2025-07-16 20:31:01,12.0,14.84,45.7,97.12,2812.9,45.41,54.98,1.69,Overheat_Battery
2025-07-16 20:31:01,11.7,38.44,35.27,105.76,1713.12,50.86,52.67,0.49,Coolant_Issue
2025-07-16 20:31:01,11.6,47.96,42.08,92.58,2013.15,55.78,51.74,1.45,Battery_LowVoltage
2025-07-16 20:31:01,12.88,13.93,45.58,100.55,2384.03,34.7,54.67,2.51,Overheat_Battery
2025-07-16 20:31:01,12.42,40.45,35.74,93.53,2675.93,28.03,52.48,2.18,Wheel_Speed_Mismatch
2025-07-16 20:31:01,12.14,30.16,37.79,98.84,2407.06,32.55,54.69,3.01,Wheel_Speed_Mismatch
2025-07-16 20:31:01,12.33,59.58,42.69,101.8,2903.44,47.32,60.04,3.18,Coolant_Issue
2025-07-16 20:31:01,12.18,33.89,47.09,104.26,2904.39,60.84,51.46,1.97,Overheat_Battery
2025-07-16 20:31:01,11.72,59.81,38.84,91.47,2084.48,35.3,57.96,2.51,Battery_LowVoltage
2025-07-16 20:31:01,11.61,14.56,41.02,103.59,2241.05,24.44,51.5,1.08,Coolant_Issue
2025-07-16 20:31:01,11.79,35.52,37.28,105.73,2408.42,46.37,54.55,2.2,Coolant_Issue
2025-07-16 20:31:01,11.62,24.92,47.82,104.61,1877.74,31.37,63.01,0.17,Overheat_Battery
2025-07-16 20:31:01,12.89,53.69,40.74,105.79,2062.02,50.18,60.86,3.65,Coolant_Issue
2025-07-16 20:31:01,12.79,31.11,35.72,92.54,2589.92,22.09,58.59,0.79,Wheel_Speed_Mismatch
2025-07-16 20:31:01,12.72,31.3,36.12,93.05,2511.72,58.01,55.07,2.62,Wheel_Speed_Mismatch
2025-07-16 20:31:01,12.15,23.83,40.14,108.38,2436.85,25.92,55.43,3.84,Coolant_Issue
2025-07-16 20:31:01,12.72,14.34,31.63,108.56,1581.95,40.57,55.69,2.12,Coolant_Issue
2025-07-16 20:31:01,12.95,24.83,34.17,85.1,2864.71,40.37,62.35,3.92,Wheel_Speed_Mismatch
2025-07-16 20:31:01,12.75,46.83,46.57,100.73,2941.81,49.97,52.05,0.19,Overheat_Battery
2025-07-16 20:31:01,11.77,14.51,33.0,93.61,1921.22,62.89,54.64,3.66,Battery_LowVoltage
2025-07-16 20:31:01,11.9,56.79,42.95,106.37,2276.42,31.16,61.22,1.97,Coolant_Issue
2025-07-16 20:31:01,12.88,36.83,32.71,89.64,2810.14,58.39,63.74,3.17,Wheel_Speed_Mismatch
2025-07-16 20:31:01,12.62,11.76,30.41,100.68,2725.63,44.35,52.42,3.27,Coolant_Issue
2025-07-16 20:31:01,12.12,59.88,46.08,95.4,2989.81,60.87,59.66,1.69,Overheat_Battery
2025-07-16 20:31:01,12.9,19.48,48.27,96.47,1566.72,61.72,63.13,0.15,Overheat_Battery
2025-07-16 20:31:01,12.01,53.64,42.34,102.23,2890.47,22.61,63.32,3.74,Coolant_Issue
2025-07-16 20:31:01,11.88,56.79,35.41,88.43,2685.22,53.07,58.67,3.27,Wheel_Speed_Mismatch
2025-07-16 20:31:01,11.83,26.1,41.19,106.39,2879.65,58.82,63.26,2.65,Coolant_Issue
2025-07-16 20:31:01,11.63,25.19,39.08,95.16,1555.29,40.05,60.19,3.65,Battery_LowVoltage
2025-07-16 20:31:01,12.78,28.03,30.92,99.03,2685.49,36.34,64.9,2.06,Normal
2025-07-16 20:31:01,11.71,43.1,39.59,89.24,2498.61,40.74,50.43,2.42,Battery_LowVoltage
2025-07-16 20:31:01,12.4,45.67,40.63,100.42,1683.69,63.16,56.78,3.37,Coolant_Issue
2025-07-16 20:31:01,12.32,21.4,47.22,108.92,2363.35,67.29,53.24,2.01,Overheat_Battery
2025-07-16 20:31:01,11.75,46.47,37.8,91.38,1951.66,45.76,61.35,1.4,Battery_LowVoltage
2025-07-16 20:31:01,12.03,25.46,35.95,93.41,2324.44,45.49,54.94,0.69,Normal
2025-07-16 20:31:01,12.68,30.81,41.92,104.68,1882.19,65.03,63.21,3.62,Coolant_Issue
2025-07-16 20:31:01,12.4,31.9,46.46,106.19,2002.8,63.03,53.61,3.95,Overheat_Battery
2025-07-16 20:31:01,11.67,40.62,45.75,107.44,2774.03,24.58,59.65,3.0,Overheat_Battery
2025-07-16 20:31:01,12.64,51.86,40.62,103.53,2696.22,25.51,52.54,0.74,Coolant_Issue
2025-07-16 20:31:01,12.23,56.36,47.89,90.18,1892.06,58.6,54.74,2.99,Overheat_Battery
2025-07-16 20:31:01,12.37,48.92,38.92,96.53,2162.9,50.47,50.03,3.81,Normal
2025-07-16 20:31:01,11.7,39.49,30.75,102.67,2384.34,34.86,58.58,2.47,Coolant_Issue
2025-07-16 20:31:01,12.49,18.55,39.4,88.39,1937.29,31.42,57.47,0.96,Wheel_Speed_Mismatch
2025-07-16 20:31:01,12.56,13.83,40.16,95.56,1926.21,58.9,62.58,2.82,Wheel_Speed_Mismatch
2025-07-16 20:31:01,11.81,28.0,44.8,97.3,2102.97,50.22,59.01,1.71,Overheat_Battery
2025-07-16 20:31:01,11.72,22.29,39.01,97.96,1603.6,54.49,57.89,2.75,Battery_LowVoltage
2025-07-16 20:31:01,12.48,52.93,44.35,88.56,2653.85,30.25,56.99,2.22,Overheat_Battery
2025-07-16 20:31:01,11.77,19.41,46.94,105.21,2880.95,38.74,50.81,2.01,Overheat_Battery
2025-07-16 20:31:26,12.9,57.06,38.82,106.51,2067.86,25.09,58.73,3.79,Coolant_Issue
2025-07-16 20:31:26,12.52,25.93,47.75,90.52,2050.18,37.5,64.73,3.02,Overheat_Battery
2025-07-16 20:31:26,12.29,27.73,34.48,104.1,2262.57,55.94,50.35,1.96,Coolant_Issue
2025-07-16 20:31:26,11.53,51.14,38.27,90.73,1905.55,44.62,61.56,2.02,Battery_LowVoltage
2025-07-16 20:31:26,12.66,56.1,33.35,93.55,2119.15,30.49,55.16,0.99,Normal
2025-07-16 20:31:26,11.91,44.16,33.49,97.77,2063.77,46.63,52.03,2.08,Normal
2025-07-16 20:31:26,12.73,37.11,41.12,92.82,2940.56,68.9,62.06,3.19,Motor_Overload
2025-07-16 20:31:26,12.7,47.93,38.97,90.02,1971.79,60.28,62.93,0.43,Wheel_Speed_Mismatch
2025-07-16 20:31:26,11.69,45.24,39.05,101.57,2808.81,56.05,55.11,2.81,Coolant_Issue
2025-07-16 20:31:26,11.7,23.61,39.33,92.94,2901.86,30.46,62.56,1.1,Battery_LowVoltage
2025-07-16 20:31:26,12.8,33.85,31.03,102.84,2109.25,60.43,54.03,1.34,Coolant_Issue
2025-07-16 20:31:26,12.99,13.72,44.81,86.92,2675.52,47.74,60.36,0.21,Overheat_Battery
2025-07-16 20:31:26,12.11,35.11,39.63,101.48,1695.59,26.74,55.25,2.29,Coolant_Issue
2025-07-16 20:31:26,12.92,52.44,35.41,97.92,2466.09,56.98,53.69,1.75,Wheel_Speed_Mismatch
2025-07-16 20:31:26,12.23,48.11,38.99,99.53,1776.74,63.53,64.44,0.97,Wheel_Speed_Mismatch
2025-07-16 20:31:26,12.78,27.9,36.79,98.57,1649.33,46.35,56.58,0.79,Wheel_Speed_Mismatch
2025-07-16 20:31:26,12.09,18.33,39.21,106.38,1875.34,49.02,50.94,3.37,Coolant_Issue
2025-07-16 20:31:26,12.33,37.88,41.62,86.12,2135.62,33.84,59.28,1.1,Wheel_Speed_Mismatch
2025-07-16 20:31:26,12.85,25.33,33.79,92.16,2833.77,60.8,53.04,1.89,Motor_Overload
2025-07-16 20:31:26,12.7,14.99,42.58,89.29,2955.65,68.83,58.99,3.88,Motor_Overload
2025-07-16 20:31:26,12.51,44.2,33.8,97.98,1712.74,47.38,52.2,1.34,Wheel_Speed_Mismatch
2025-07-16 20:31:26,11.8,12.56,31.36,104.26,2894.53,29.8,63.21,3.66,Coolant_Issue
2025-07-16 20:31:26,12.04,30.73,45.53,93.6,1909.59,56.63,60.3,1.06,Overheat_Battery
2025-07-16 20:31:26,12.61,51.57,47.05,96.12,1502.34,56.59,59.31,1.05,Overheat_Battery
2025-07-16 20:31:26,12.73,10.31,48.23,87.82,1888.49,58.34,61.31,2.28,Overheat_Battery
2025-07-16 20:31:26,12.19,55.2,35.22,96.52,1885.56,39.99,50.52,3.04,Normal
2025-07-16 20:31:26,11.88,11.66,37.43,104.8,1894.08,20.48,63.99,2.88,Coolant_Issue
2025-07-16 20:31:26,12.71,56.9,35.74,102.53,2412.07,33.82,59.82,1.02,Coolant_Issue
2025-07-16 20:31:26,11.68,24.1,34.91,108.21,1597.83,41.44,58.58,1.31,Coolant_Issue
2025-07-16 20:31:26,12.64,46.27,47.4,96.77,2091.3,42.28,60.3,2.39,Overheat_Battery
2025-07-16 20:31:26,11.98,27.62,42.14,92.37,2158.85,24.85,55.21,0.65,Normal
2025-07-16 20:31:26,12.14,56.85,38.36,107.15,2927.12,46.02,55.91,1.27,Coolant_Issue
2025-07-16 20:31:26,12.08,32.14,30.62,92.9,2487.8,44.23,59.22,1.49,Normal
2025-07-16 20:31:26,12.28,30.88,48.64,96.23,2147.26,60.86,60.19,1.2,Overheat_Battery
2025-07-16 20:31:26,12.49,16.69,39.35,100.78,2563.85,20.39,52.81,3.16,Coolant_Issue
2025-07-16 20:31:26,12.81,59.73,42.15,97.52,2304.61,28.85,61.65,3.8,Normal
2025-07-16 20:31:26,12.0,32.31,32.51,102.31,2460.52,42.24,55.08,3.67,Coolant_Issue
2025-07-16 20:31:26,12.87,41.66,33.58,104.48,2715.63,44.16,53.65,3.57,Coolant_Issue
2025-07-16 20:31:26,12.9,57.56,42.79,95.92,2986.64,25.72,57.18,0.69,Wheel_Speed_Mismatch
2025-07-16 20:31:26,12.83,56.2,38.89,92.66,2126.44,20.03,55.43,2.1,Normal
2025-07-16 20:31:26,12.24,19.72,39.77,91.01,2446.75,57.03,58.08,2.72,Normal
2025-07-16 20:31:26,11.89,43.31,36.36,98.52,2909.95,41.56,56.36,1.99,Wheel_Speed_Mismatch
2025-07-16 20:31:26,12.16,40.29,45.03,86.79,2241.3,21.05,53.26,2.54,Overheat_Battery
2025-07-16 20:31:26,12.07,31.65,40.95,94.18,2187.7,34.43,64.32,1.71,Wheel_Speed_Mismatch
2025-07-16 20:31:26,12.54,13.04,46.59,95.89,2397.0,63.02,57.64,2.8,Overheat_Battery
2025-07-16 20:31:26,12.21,21.88,36.39,100.83,2662.67,61.35,60.15,0.07,Coolant_Issue
2025-07-16 20:31:26,11.5,52.81,44.44,89.76,2961.6,35.62,56.69,1.97,Overheat_Battery
2025-07-16 20:31:26,12.16,45.63,46.89,85.33,2302.25,35.68,55.5,0.74,Overheat_Battery
2025-07-16 20:31:26,12.92,15.17,49.49,97.04,1585.1,52.41,57.22,1.65,Overheat_Battery
2025-07-16 20:31:26,12.47,58.14,31.78,87.42,1653.48,36.95,56.29,3.78,Wheel_Speed_Mismatch
2025-07-16 20:31:31,11.97,10.7,40.71,104.64,1822.92,62.33,63.21,3.79,Coolant_Issue
2025-07-16 20:31:31,12.64,34.23,36.64,85.29,2273.74,26.15,50.69,2.65,Wheel_Speed_Mismatch
2025-07-16 20:31:31,11.93,56.5,34.61,95.61,2241.2,37.68,58.37,1.18,Normal
2025-07-16 20:31:31,11.93,55.15,41.08,86.76,1764.18,26.05,64.61,2.13,Wheel_Speed_Mismatch
2025-07-16 20:31:31,12.94,40.12,49.98,106.65,2067.1,31.68,57.18,3.01,Overheat_Battery
2025-07-16 20:31:31,12.74,39.0,36.21,96.58,1955.37,44.54,52.29,0.45,Normal
2025-07-16 20:31:31,12.06,20.03,30.82,107.89,2169.54,32.26,51.15,0.46,Coolant_Issue
2025-07-16 20:31:31,11.56,16.43,31.17,97.12,2359.78,35.16,61.94,0.23,Battery_LowVoltage
2025-07-16 20:31:31,12.14,39.41,30.08,90.78,1523.65,54.5,57.94,0.31,Wheel_Speed_Mismatch
2025-07-16 20:31:31,12.8,14.06,33.99,106.98,1712.61,24.66,54.31,0.56,Coolant_Issue
2025-07-16 20:31:31,12.32,40.49,49.23,94.16,2270.71,52.56,63.23,1.27,Overheat_Battery
2025-07-16 20:31:31,12.38,17.57,47.44,92.38,2686.38,36.87,56.01,3.02,Overheat_Battery
2025-07-16 20:31:31,12.2,12.29,38.35,86.3,2052.63,20.02,52.32,3.24,Normal
2025-07-16 20:31:31,12.23,32.25,48.82,101.47,1756.61,38.62,64.45,2.54,Overheat_Battery
2025-07-16 20:31:31,12.53,50.36,42.98,93.42,1886.19,35.46,61.6,2.22,Wheel_Speed_Mismatch
2025-07-16 20:31:31,12.19,57.36,42.87,102.72,2134.79,27.7,61.25,1.42,Coolant_Issue
2025-07-16 20:31:31,12.55,23.33,48.9,96.93,2919.84,41.64,63.7,1.01,Overheat_Battery
2025-07-16 20:31:31,12.18,18.97,43.49,102.28,2093.97,39.85,63.56,0.02,Coolant_Issue
2025-07-16 20:31:31,12.55,30.02,45.42,102.27,1578.01,45.74,64.85,2.2,Overheat_Battery
2025-07-16 20:31:31,11.62,51.07,43.3,90.48,2590.39,49.73,59.24,2.24,Battery_LowVoltage
2025-07-16 20:31:31,12.78,51.14,41.77,100.91,1521.14,31.89,64.03,2.3,Coolant_Issue
2025-07-16 20:31:31,12.27,48.68,41.67,92.76,1944.29,24.69,63.41,3.98,Wheel_Speed_Mismatch
2025-07-16 20:31:31,12.79,53.32,48.02,108.82,2544.06,67.02,53.42,2.33,Overheat_Battery
2025-07-16 20:31:31,11.69,12.7,31.22,97.2,1584.56,24.28,56.76,2.94,Battery_LowVoltage
2025-07-16 20:31:31,12.86,43.87,41.01,108.9,2889.96,64.71,55.45,1.96,Coolant_Issue
2025-07-16 20:31:31,12.07,29.7,42.34,93.9,2133.79,41.93,53.1,1.49,Normal
2025-07-16 20:31:31,12.2,14.54,32.13,93.5,2133.88,58.7,58.4,3.62,Wheel_Speed_Mismatch
2025-07-16 20:31:31,12.39,40.41,49.98,106.67,2029.71,68.25,52.24,0.92,Overheat_Battery
2025-07-16 20:31:31,11.66,32.05,34.48,86.36,2152.11,31.64,53.01,2.57,Battery_LowVoltage
2025-07-16 20:31:31,12.13,40.34,46.32,100.43,2417.66,23.14,57.78,2.07,Overheat_Battery
2025-07-16 20:31:31,11.82,20.26,43.01,94.87,2001.45,43.72,50.04,2.96,Normal
2025-07-16 20:31:31,12.26,31.5,47.41,108.01,2767.7,45.23,52.75,2.36,Overheat_Battery
2025-07-16 20:31:31,12.08,48.75,39.19,109.22,1664.65,56.23,51.84,2.38,Coolant_Issue
2025-07-16 20:31:31,11.62,18.57,48.35,104.65,2106.89,41.56,58.37,3.2,Overheat_Battery
2025-07-16 20:31:31,12.9,39.21,44.62,99.88,2881.85,65.71,53.45,0.41,Overheat_Battery
2025-07-16 20:31:31,12.67,35.21,49.34,107.73,2041.0,32.02,55.85,0.63,Overheat_Battery
2025-07-16 20:31:31,12.87,17.9,36.04,105.67,2880.88,56.27,53.38,3.31,Coolant_Issue
2025-07-16 20:31:31,11.69,59.64,38.81,97.97,1979.13,48.0,56.3,1.49,Battery_LowVoltage
2025-07-16 20:31:31,12.01,54.77,33.4,92.57,2368.79,45.74,64.23,0.19,Wheel_Speed_Mismatch
2025-07-16 20:31:31,11.69,58.19,37.98,93.09,2735.08,27.91,50.57,3.6,Battery_LowVoltage
2025-07-16 20:31:31,11.6,11.96,40.85,103.37,2158.09,38.83,51.5,1.18,Coolant_Issue
2025-07-16 20:31:31,12.77,52.7,40.5,108.22,2850.55,56.67,58.99,4.0,Coolant_Issue
2025-07-16 20:31:31,12.26,35.61,38.2,107.01,1806.94,49.96,51.99,2.43,Coolant_Issue
2025-07-16 20:31:31,11.54,15.86,39.91,107.21,2824.26,30.81,61.95,3.99,Coolant_Issue
2025-07-16 20:31:31,11.58,36.61,47.15,86.25,1805.43,51.74,60.14,0.01,Overheat_Battery
2025-07-16 20:31:31,12.44,52.35,38.63,98.81,2312.94,26.7,62.08,1.4,Normal
2025-07-16 20:31:31,11.76,40.7,42.22,100.07,1861.45,48.36,61.31,0.75,Coolant_Issue
2025-07-16 20:31:31,12.13,54.76,34.54,106.58,1962.42,39.38,62.97,1.74,Coolant_Issue
2025-07-16 20:31:31,12.98,17.88,34.01,102.43,1957.97,33.81,52.86,3.02,Coolant_Issue
2025-07-16 20:31:31,12.76,40.94,49.92,97.37,1838.28,25.27,54.89,3.73,Overheat_Battery
2025-07-16 20:31:33,12.53,23.2,42.7,90.78,2606.6,64.67,61.17,3.11,Motor_Overload
2025-07-16 20:31:33,12.95,26.21,49.71,98.75,2984.63,47.15,57.05,0.92,Overheat_Battery
2025-07-16 20:31:33,12.04,42.11,31.13,108.24,2658.18,64.66,51.31,0.53,Coolant_Issue
2025-07-16 20:31:33,12.67,14.02,38.74,89.99,2838.66,35.33,63.63,1.85,Wheel_Speed_Mismatch
2025-07-16 20:31:33,11.84,48.31,30.28,87.93,1511.03,51.99,54.6,1.41,Wheel_Speed_Mismatch
2025-07-16 20:31:33,11.93,21.1,34.74,90.82,2173.54,38.02,59.37,3.68,Wheel_Speed_Mismatch
2025-07-16 20:31:33,12.59,58.0,42.82,98.03,1794.24,54.86,55.81,3.15,Wheel_Speed_Mismatch
2025-07-16 20:31:33,12.18,23.43,35.55,93.84,1647.98,64.63,55.72,0.38,Wheel_Speed_Mismatch
2025-07-16 20:31:33,12.35,27.54,33.7,93.65,2756.02,44.44,55.01,0.86,Wheel_Speed_Mismatch
2025-07-16 20:31:33,11.64,34.58,32.51,86.13,2047.14,62.04,61.66,2.05,Battery_LowVoltage
2025-07-16 20:31:33,11.94,47.02,38.31,109.15,1745.92,36.37,56.74,0.42,Coolant_Issue
2025-07-16 20:31:33,12.86,35.77,48.75,87.46,1824.16,24.28,57.1,1.57,Overheat_Battery
2025-07-16 20:31:33,11.63,27.82,36.17,98.61,2105.73,25.05,50.33,3.49,Battery_LowVoltage
2025-07-16 20:31:33,12.53,41.53,42.88,89.12,2188.33,45.01,52.06,0.28,Normal
2025-07-16 20:31:33,12.3,57.56,47.96,108.81,2330.82,50.67,59.34,0.95,Overheat_Battery
2025-07-16 20:31:33,12.91,45.02,43.61,89.66,2417.45,56.88,53.91,1.86,Wheel_Speed_Mismatch
2025-07-16 20:31:33,12.55,32.27,35.26,95.21,1501.1,45.79,55.7,2.78,Wheel_Speed_Mismatch
2025-07-16 20:31:33,11.65,44.04,41.0,102.19,2435.19,21.56,52.27,0.06,Coolant_Issue
2025-07-16 20:31:33,11.59,38.2,46.06,92.83,1631.81,61.88,57.79,1.47,Overheat_Battery
2025-07-16 20:31:33,12.3,23.31,49.79,87.62,2256.7,21.02,64.25,3.37,Overheat_Battery
2025-07-16 20:31:33,12.84,57.9,46.77,107.19,2217.05,36.23,61.88,0.8,Overheat_Battery
2025-07-16 20:31:33,12.45,22.76,32.57,97.04,1617.41,31.05,53.81,0.88,Wheel_Speed_Mismatch
2025-07-16 20:31:33,11.98,51.13,30.74,87.64,2405.53,62.83,56.29,2.41,Normal
2025-07-16 20:31:33,12.23,28.37,30.89,95.33,2099.68,48.43,57.76,0.97,Wheel_Speed_Mismatch
2025-07-16 20:31:33,12.19,23.56,38.81,99.32,2836.49,22.56,62.02,0.08,Wheel_Speed_Mismatch
2025-07-16 20:31:33,11.55,59.54,32.98,86.21,2980.84,28.59,60.6,2.18,Battery_LowVoltage
2025-07-16 20:31:33,12.35,41.13,38.76,105.03,2985.49,65.5,59.72,2.81,Coolant_Issue
2025-07-16 20:31:33,12.32,28.79,45.0,85.01,2173.9,55.47,60.12,2.17,Overheat_Battery
2025-07-16 20:31:33,11.56,13.36,35.22,97.11,2182.56,50.36,61.29,0.39,Battery_LowVoltage
2025-07-16 20:31:33,12.99,22.77,34.69,101.55,2655.06,27.71,51.4,3.03,Coolant_Issue
2025-07-16 20:31:33,12.85,46.67,40.51,100.92,1754.1,63.6,60.37,3.83,Coolant_Issue
2025-07-16 20:31:33,12.22,53.89,34.5,102.56,1526.39,23.83,51.04,2.56,Coolant_Issue
2025-07-16 20:31:33,12.6,24.95,45.94,106.17,2854.01,33.5,64.4,1.85,Overheat_Battery
2025-07-16 20:31:33,11.92,12.07,41.4,101.76,1537.52,58.45,51.56,0.75,Coolant_Issue
2025-07-16 20:31:33,11.72,53.01,45.8,99.93,2986.5,58.76,62.59,0.9,Overheat_Battery
2025-07-16 20:31:33,12.22,38.75,47.04,89.73,2121.25,32.7,63.32,0.43,Overheat_Battery
2025-07-16 20:31:33,12.96,28.52,48.44,105.85,1933.48,63.65,63.82,1.75,Overheat_Battery
2025-07-16 20:31:33,12.28,25.88,39.19,106.07,2962.14,26.46,64.98,1.8,Coolant_Issue
2025-07-16 20:31:33,11.59,46.34,33.62,92.71,2721.84,21.65,56.7,0.48,Battery_LowVoltage
2025-07-16 20:31:33,11.76,16.0,37.64,89.06,2451.43,52.56,62.55,1.69,Battery_LowVoltage
2025-07-16 20:31:33,11.5,21.22,42.59,92.9,2052.48,38.36,61.63,2.42,Battery_LowVoltage
2025-07-16 20:31:33,12.19,28.61,32.1,102.94,1691.68,64.74,56.39,1.96,Coolant_Issue
2025-07-16 20:31:33,11.69,29.67,45.18,106.72,2489.74,56.5,57.07,0.58,Overheat_Battery
2025-07-16 20:31:33,12.88,16.71,34.61,90.55,2243.05,52.29,59.81,2.18,Normal
2025-07-16 20:31:33,11.55,39.58,31.14,97.61,2850.48,28.22,61.46,1.07,Battery_LowVoltage
2025-07-16 20:31:33,12.49,41.23,40.17,98.98,1975.9,34.2,60.18,3.72,Wheel_Speed_Mismatch
2025-07-16 20:31:33,11.61,13.64,33.74,92.08,1820.21,67.23,63.72,1.64,Battery_LowVoltage
2025-07-16 20:31:33,12.91,43.03,39.02,92.6,2348.03,62.87,57.67,2.39,Normal
2025-07-16 20:31:33,11.63,25.16,42.73,87.96,1793.67,62.92,64.95,2.05,Battery_LowVoltage
2025-07-16 20:31:33,12.24,14.07,45.61,107.51,2155.79,45.51,59.91,1.57,Overheat_Battery
2025-07-16 20:31:34,11.51,47.41,40.01,102.67,1786.46,49.85,60.7,1.7,Coolant_Issue
2025-07-16 20:31:34,12.75,11.97,44.02,99.15,2354.5,56.67,51.66,1.31,Overheat_Battery
2025-07-16 20:31:34,12.28,33.66,36.5,106.99,2780.61,24.35,57.98,3.78,Coolant_Issue
2025-07-16 20:31:34,12.12,49.43,30.58,103.51,1901.54,64.12,59.28,3.96,Coolant_Issue
2025-07-16 20:31:34,12.0,52.4,42.24,98.37,2166.31,38.87,61.41,1.39,Wheel_Speed_Mismatch
2025-07-16 20:31:34,12.54,35.49,44.87,95.15,1697.89,47.78,59.03,0.93,Overheat_Battery
2025-07-16 20:31:34,12.68,18.98,44.12,101.91,1563.48,52.36,64.39,0.76,Overheat_Battery
2025-07-16 20:31:34,12.9,57.7,44.72,85.67,1794.97,50.91,56.63,1.12,Overheat_Battery
2025-07-16 20:31:34,12.56,23.67,39.94,98.9,2658.9,35.71,59.11,1.93,Wheel_Speed_Mismatch
2025-07-16 20:31:34,12.03,54.49,36.51,94.47,1781.29,31.68,57.27,0.8,Wheel_Speed_Mismatch
2025-07-16 20:31:34,12.45,56.14,45.98,92.39,2224.1,44.35,59.55,1.54,Overheat_Battery
2025-07-16 20:31:34,12.53,29.57,41.09,85.21,2959.17,35.43,61.5,0.84,Wheel_Speed_Mismatch
2025-07-16 20:31:34,12.98,56.61,44.86,95.29,1762.2,51.43,57.25,1.64,Overheat_Battery
2025-07-16 20:31:34,12.79,20.45,47.06,93.32,2803.77,57.15,54.2,1.66,Overheat_Battery
2025-07-16 20:31:34,12.97,27.08,41.73,95.26,1564.74,24.66,50.7,0.35,Wheel_Speed_Mismatch
2025-07-16 20:31:34,12.12,40.0,41.12,107.82,2716.57,63.31,63.14,0.13,Coolant_Issue
2025-07-16 20:31:34,12.66,10.61,47.68,90.33,2250.97,49.38,51.02,0.98,Overheat_Battery
2025-07-16 20:31:34,12.02,49.28,35.7,96.82,1502.88,55.42,53.4,1.01,Wheel_Speed_Mismatch
2025-07-16 20:31:34,11.56,35.43,47.88,103.82,2269.65,41.16,60.82,2.94,Overheat_Battery
2025-07-16 20:31:34,12.23,20.18,33.93,92.47,2081.79,47.04,53.6,2.59,Normal
2025-07-16 20:31:34,12.64,14.58,45.81,91.56,1543.08,61.73,55.98,1.64,Overheat_Battery
2025-07-16 20:31:34,11.53,14.99,46.21,91.22,2765.8,59.74,55.58,1.66,Overheat_Battery
2025-07-16 20:31:34,12.9,47.72,32.22,101.68,2100.06,27.35,63.85,3.42,Coolant_Issue
2025-07-16 20:31:34,11.84,30.19,49.49,107.27,2390.33,65.36,60.62,1.99,Overheat_Battery
2025-07-16 20:31:34,11.76,58.16,40.06,103.54,2371.77,30.2,60.85,1.29,Coolant_Issue
2025-07-16 20:31:34,12.36,40.02,44.63,102.65,2889.44,58.06,62.74,2.23,Overheat_Battery
2025-07-16 20:31:34,11.86,27.1,42.85,105.0,2726.44,27.19,63.53,3.62,Coolant_Issue
2025-07-16 20:31:34,11.78,57.01,41.18,101.89,2999.24,27.07,61.46,1.36,Coolant_Issue
2025-07-16 20:31:34,12.05,13.55,40.13,105.06,1953.59,25.9,52.28,3.81,Coolant_Issue
2025-07-16 20:31:34,11.82,53.83,39.47,95.62,2931.34,31.79,63.51,1.21,Wheel_Speed_Mismatch
2025-07-16 20:31:34,11.61,51.75,34.69,98.17,1890.55,48.72,55.62,1.69,Battery_LowVoltage
2025-07-16 20:31:34,12.75,10.49,38.28,99.1,2641.85,41.12,57.57,2.4,Wheel_Speed_Mismatch
2025-07-16 20:31:34,11.62,58.5,45.67,101.5,2890.79,35.4,60.04,2.79,Overheat_Battery
2025-07-16 20:31:34,12.22,40.12,40.78,86.59,1804.36,29.3,56.68,0.48,Wheel_Speed_Mismatch
2025-07-16 20:31:34,12.08,46.51,33.01,89.65,2945.99,34.77,60.64,1.73,Wheel_Speed_Mismatch
2025-07-16 20:31:34,11.66,21.92,36.55,92.44,2615.59,25.44,62.94,0.19,Battery_LowVoltage
2025-07-16 20:31:34,11.86,23.24,33.01,86.89,2049.43,38.19,62.41,2.99,Wheel_Speed_Mismatch
2025-07-16 20:31:34,12.79,40.43,37.03,98.64,1648.81,29.59,57.95,3.25,Wheel_Speed_Mismatch
2025-07-16 20:31:34,12.54,29.94,42.75,107.89,1841.76,25.57,54.25,1.02,Coolant_Issue
2025-07-16 20:31:34,11.6,23.43,45.05,100.63,1526.66,36.99,57.37,1.39,Overheat_Battery
2025-07-16 20:31:34,12.46,32.77,31.61,106.98,2255.4,26.74,51.43,3.9,Coolant_Issue
2025-07-16 20:31:34,12.6,23.06,33.74,86.24,2679.19,58.6,50.39,1.16,Wheel_Speed_Mismatch
2025-07-16 20:31:34,12.59,58.99,40.7,101.99,2623.48,52.89,62.53,2.11,Coolant_Issue
2025-07-16 20:31:34,11.69,33.47,38.66,90.98,2178.54,28.38,52.05,1.8,Battery_LowVoltage
2025-07-16 20:31:34,12.49,41.33,34.02,97.48,1894.15,33.21,58.51,2.65,Wheel_Speed_Mismatch
2025-07-16 20:31:34,12.46,58.36,40.56,105.91,1645.62,29.35,56.04,1.62,Coolant_Issue
2025-07-16 20:31:34,12.28,50.65,49.46,99.41,2226.41,67.35,54.11,1.61,Overheat_Battery
2025-07-16 20:31:34,11.87,58.46,38.85,107.15,2724.45,63.12,55.46,1.9,Coolant_Issue
2025-07-16 20:31:34,12.0,34.63,42.06,86.9,1739.92,30.82,64.38,3.66,Wheel_Speed_Mismatch
2025-07-16 20:31:34,12.15,56.11,37.84,90.83,2240.14,31.24,56.25,1.64,Normal
2025-07-16 20:31:36,11.51,46.28,48.82,86.09,2450.1,23.37,62.17,3.82,Overheat_Battery
2025-07-16 20:31:36,11.62,32.14,35.61,86.44,1749.35,29.02,56.44,0.42,Battery_LowVoltage
2025-07-16 20:31:36,12.82,19.65,35.45,94.15,1688.6,56.92,57.57,2.63,Wheel_Speed_Mismatch
2025-07-16 20:31:36,12.92,48.24,39.69,92.1,2858.78,49.52,55.13,3.56,Wheel_Speed_Mismatch
2025-07-16 20:31:36,11.69,40.37,42.06,99.99,1733.26,59.26,53.21,3.47,Battery_LowVoltage
2025-07-16 20:31:36,12.23,34.84,45.34,98.55,2973.12,22.72,53.7,0.73,Overheat_Battery
2025-07-16 20:31:36,11.99,56.35,48.83,94.85,2447.47,45.39,64.88,2.13,Overheat_Battery
2025-07-16 20:31:36,12.05,18.69,39.12,86.62,2799.09,42.53,50.96,3.96,Wheel_Speed_Mismatch
2025-07-16 20:31:36,12.88,29.46,42.25,92.9,2813.29,64.18,60.93,2.45,Motor_Overload
2025-07-16 20:31:36,12.5,29.46,32.95,89.44,2922.34,52.67,58.33,1.15,Wheel_Speed_Mismatch
2025-07-16 20:31:36,11.85,57.22,36.9,102.81,2996.58,40.98,63.43,2.43,Coolant_Issue
2025-07-16 20:31:36,11.77,58.24,41.02,90.13,1879.76,59.87,53.28,3.24,Battery_LowVoltage
2025-07-16 20:31:36,12.04,55.46,49.76,105.17,2194.47,59.0,59.65,0.38,Overheat_Battery
2025-07-16 20:31:36,12.98,17.75,43.87,104.74,2416.2,67.76,64.11,1.96,Coolant_Issue
2025-07-16 20:31:36,12.41,38.77,43.59,107.39,1694.3,53.46,61.22,3.84,Coolant_Issue
2025-07-16 20:31:36,12.58,37.59,42.82,94.75,1523.04,69.33,52.73,1.3,Wheel_Speed_Mismatch
2025-07-16 20:31:36,11.68,30.19,47.38,94.97,2136.98,49.5,54.51,3.08,Overheat_Battery
2025-07-16 20:31:36,12.44,32.82,39.49,107.69,1864.75,49.38,64.31,2.58,Coolant_Issue
2025-07-16 20:31:36,12.95,39.61,47.52,108.53,2136.08,28.76,51.71,3.24,Overheat_Battery
2025-07-16 20:31:36,11.75,29.22,42.91,85.8,1777.36,35.9,59.05,0.8,Battery_LowVoltage
2025-07-16 20:31:36,11.68,40.49,48.79,104.27,1627.48,46.27,59.46,2.12,Overheat_Battery
2025-07-16 20:31:36,12.01,43.67,44.3,100.32,1863.91,68.3,63.33,2.54,Overheat_Battery
2025-07-16 20:31:36,11.59,46.74,42.92,107.12,2210.15,65.85,54.45,2.23,Coolant_Issue
2025-07-16 20:31:36,12.0,12.75,48.74,103.07,1756.54,26.65,58.92,1.46,Overheat_Battery
2025-07-16 20:31:36,12.41,53.51,37.89,93.91,1606.34,36.54,56.87,3.63,Wheel_Speed_Mismatch
2025-07-16 20:31:36,12.18,37.66,40.42,104.8,2264.56,26.27,52.35,2.88,Coolant_Issue
2025-07-16 20:31:36,11.79,31.28,41.83,99.51,2809.57,53.84,62.08,3.9,Battery_LowVoltage
2025-07-16 20:31:36,11.57,34.52,47.39,96.67,2429.26,38.1,57.08,2.94,Overheat_Battery
2025-07-16 20:31:36,12.58,53.54,32.63,95.65,2099.35,36.96,54.25,0.42,Normal
2025-07-16 20:31:36,12.69,34.24,31.0,108.57,2514.4,49.11,61.49,2.0,Coolant_Issue
2025-07-16 20:31:36,12.45,38.69,31.5,104.39,2551.65,37.27,63.52,2.83,Coolant_Issue
2025-07-16 20:31:36,12.18,13.49,37.56,106.77,2275.21,51.18,59.29,0.52,Coolant_Issue
2025-07-16 20:31:36,11.88,56.43,31.98,92.09,2242.85,60.78,50.11,0.73,Wheel_Speed_Mismatch
2025-07-16 20:31:36,12.61,12.35,42.68,105.5,2935.21,42.97,63.93,2.97,Coolant_Issue
2025-07-16 20:31:36,11.93,37.93,37.56,93.94,1723.72,66.67,64.37,2.6,Wheel_Speed_Mismatch
2025-07-16 20:31:36,11.67,11.83,36.79,102.79,1609.43,57.65,52.88,3.86,Coolant_Issue
2025-07-16 20:31:36,12.85,36.77,36.83,94.09,1546.27,42.5,63.41,1.2,Wheel_Speed_Mismatch
2025-07-16 20:31:36,12.08,48.43,40.94,108.38,2944.73,66.88,51.3,3.89,Coolant_Issue
2025-07-16 20:31:36,11.82,45.43,37.69,95.52,2682.93,62.06,60.27,3.45,Motor_Overload
2025-07-16 20:31:36,11.69,45.78,49.75,104.36,1777.71,24.4,52.25,2.1,Overheat_Battery
2025-07-16 20:31:36,12.33,25.76,44.14,108.68,2877.69,69.64,55.37,2.03,Overheat_Battery
2025-07-16 20:31:36,11.75,36.57,40.24,97.91,2853.61,45.41,55.93,3.1,Battery_LowVoltage
2025-07-16 20:31:36,12.04,39.63,48.5,91.76,2332.18,69.57,58.21,2.36,Overheat_Battery
2025-07-16 20:31:36,12.93,32.02,48.56,87.52,1733.75,53.26,64.45,1.2,Overheat_Battery
2025-07-16 20:31:36,11.92,20.31,33.26,106.67,1642.17,62.01,51.12,2.5,Coolant_Issue
2025-07-16 20:31:36,12.99,33.71,40.49,103.14,1707.7,54.91,57.79,0.27,Coolant_Issue
2025-07-16 20:31:36,12.59,11.44,42.47,85.77,2015.45,31.66,57.83,1.12,Wheel_Speed_Mismatch
2025-07-16 20:31:36,11.53,21.59,33.04,95.44,1554.89,32.87,57.68,1.42,Battery_LowVoltage
2025-07-16 20:31:36,12.22,24.33,34.31,105.82,2337.01,65.46,62.45,2.48,Coolant_Issue
2025-07-16 20:31:36,12.59,27.42,48.15,98.12,1669.01,32.73,51.18,3.64,Overheat_Battery
